"idUser";"screenName"
"1015704044";"bbygrl68"
"103209236";"ImNikesh"
"1034200326";"Akshayb034"
"103511991";"vanhongtruong"
"103646556";"aeunah"
"104843401";"efecostac"
"1055540670";"AdarshGarg86"
"1069370876";"CristianNs2011"
"1105264668";"igquintero_"
"113568623";"PratikHPatel"
"1137667880";"TechAdjustment"
"1164236611";"takashijakome"
"120233148";"mluceroSa"
"121829034";"AriEche1983"
"122969303";"Legacy_Strength"
"124840736";"technophilespod"
"125233099";"GibsonGirl85"
"127894707";"nabukodonozor93"
"1279718786";"dbestfromclovis"
"128583522";"UmarM_92"
"1288150213";"TheOneGezza"
"129040177";"SunnyB_lite"
"130762810";"isralan"
"1323159608";"RakeshSmg"
"133739867";"sumi_raje"
"134402265";"gulati_prateek"
"134896497";"Jordan24x7"
"136280360";"Rajat_R_joshi"
"1366120789";"PoovarasanMari"
"1374565790";"KarolBlaszczyk"
"14092431";"enzofsilva"
"1435813975";"KenoBarsuhn"
"14432854";"daveford88"
"1487398442";"amitvikram_"
"15116158";"danschumacher"
"157787983";"sabauddin"
"159605609";"kyfo_"
"1617874231";"ArielSchochet"
"163496759";"OllieKendrick"
"165111981";"mividamimundo"
"1652962838";"RollZanzucchi"
"166696462";"varshitgupta"
"1671063547";"AustinArthurLuv"
"16885951";"rodbrown1"
"173537873";"MrVera7"
"174145253";"FlyingRaijin24"
"178820578";"stefun78"
"18915154";"guptaku"
"1893880112";"SSGNELL"
"1911711614";"EzePeqe"
"19421570";"Dan2494"
"209989145";"julianhappen"
"213117477";"padillapamela"
"21350451";"McGeekiest"
"21360081";"loganplow"
"216984973";"Nilottpal"
"218152283";"CasperSmeets"
"2187954187";"shreeram1818"
"2196370510";"Benalghazzi"
"2205364987";"ankitalbert1"
"222211202";"jobinskumar91"
"222741101";"coolestdude2010"
"223113540";"sharohit_1234"
"2238568044";"JessOConne11"
"2262790082";"routrayswadhin"
"230409451";"BryceMadden"
"233924152";"steveodawn"
"2363018648";"boondhiladdu"
"2371416187";"sahilguptahunk"
"2414709757";"pryme_time"
"2424663912";"ripplelover"
"244111765";"AliceMrongovius"
"244235674";"roopstar21"
"24882919";"vipinaggarwaal"
"2512558971";"HadjMike"
"251974261";"nittstalk"
"2582414065";"k_usayed"
"2606880302";"raichandabhi"
"2636498245";"North__Bridge"
"26985747";"HarsimranJulka"
"272002976";"moorsey293"
"27418583";"B0_oCho"
"274527503";"meetvirginia"
"2755772226";"KhalilJamalF"
"278416483";"JayTeeHaitch"
"2790808362";"itsjanlouise"
"2816230378";"satyamlal0105"
"2828696477";"aubie_04"
"282890891";"VeluLoganathan"
"28322107";"JimmySteward"
"2832256592";"limtiongkiat"
"2866156373";"CraigClive"
"2872613830";"stephaineskinn2"
"2928041460";"swaroop_chavan"
"2941114032";"LukshinGaming"
"2949934011";"DriteMite"
"29638698";"renatoadiaz"
"2964643313";"LotusDigitalCo"
"2982876387";"CrystalPlayzYT"
"2984888343";"Belenus77"
"300844333";"larsdominic"
"3008794611";"project11561"
"3018220315";"akshayjain1248"
"3023049365";"LukeLewis200"
"31398320";"JVenkatesh"
"3239714466";"681e3931b76e4cb"
"3246363492";"tylerphilipp"
"32863821";"jcarucci"
"3294179986";"NewWorkBlog"
"3321414857";"agusferreyra143"
"3344299579";"Keatongor"
"3359824212";"TheMalcolmAng"
"336581917";"NsubugaHassan"
